"name","address","city","opening_hours","certificate","phone","category","source_url"
"ג'פאן ג'פאן","יהדות דרום אפריקה 2, אופקים","אופקים","א'-ה-12:00-23:00
שישי-סגור
שבת-שעה אחרי צאת שבת-00:00","בית יוסף","3304*","בשרי","https://www.misadotmehadrin.co.il/%D7%9E%D7%A1%D7%A2%D7%93%D7%95%D7%AA-%D7%9B%D7%A9%D7%A8%D7%95%D7%AA-%D7%9C%D7%9E%D7%94%D7%93%D7%A8%D7%99%D7%9F/%D7%92-%D7%A4%D7%90%D7%9F-%D7%92-%D7%A4%D7%90%D7%9F-2"
"טורו סושי","יצחק רבין 5, אור יהודה","אור יהודה","","בית יוסף","08-640-5555","בשרי","https://www.misadotmehadrin.co.il/%D7%9E%D7%A1%D7%A2%D7%93%D7%95%D7%AA-%D7%9B%D7%A9%D7%A8%D7%95%D7%AA-%D7%9C%D7%9E%D7%94%D7%93%D7%A8%D7%99%D7%9F/%D7%98%D7%95%D7%A8%D7%95-%D7%A1%D7%95%D7%A9%D7%99"
"טורקיש גריל","עבודה 2 אור יהודה","אור יהודה","ראשון עד חמישי: 11:00 – 00:00
שבת: שעה מצאת השבת ועד חצות
​","בית יוסף","053-6354094","בשרי","https://www.misadotmehadrin.co.il/%D7%9E%D7%A1%D7%A2%D7%93%D7%95%D7%AA-%D7%9B%D7%A9%D7%A8%D7%95%D7%AA-%D7%9C%D7%9E%D7%94%D7%93%D7%A8%D7%99%D7%9F/%D7%98%D7%95%D7%A8%D7%A7%D7%99%D7%A9-%D7%92%D7%A8%D7%99%D7%9C"
"פארוק","שדרות מרדכי בן פורת 70, אור יהודה","אור יהודה","א'-ה' 10:00-24:00","בית יוסף","03-533-0159","בשרי","https://www.misadotmehadrin.co.il/%D7%9E%D7%A1%D7%A2%D7%93%D7%95%D7%AA-%D7%9B%D7%A9%D7%A8%D7%95%D7%AA-%D7%9C%D7%9E%D7%94%D7%93%D7%A8%D7%99%D7%9F/%D7%A4%D7%90%D7%A8%D7%95%D7%A7"
"פינת הצלע","השקמה 2, אזור","אזור","ימים א'-ה' 11:00-23:00","בית יוסף","03-6540363","בשרי","https://www.misadotmehadrin.co.il/%D7%9E%D7%A1%D7%A2%D7%93%D7%95%D7%AA-%D7%9B%D7%A9%D7%A8%D7%95%D7%AA-%D7%9C%D7%9E%D7%94%D7%93%D7%A8%D7%99%D7%9F/%D7%A4%D7%99%D7%A0%D7%AA-%D7%94%D7%A6%D7%9C%D7%A2"
"בורגרס בר - מרכז ביג","הסתת 20, מרכז ביג, אילת","אילת","א'-ד': 11:00-22:00
ה': 11:00-22:00
ו': 11:00-15:00
מוצ""ש: חצי שעה לאחר צאת השבת ועד 23:00","בית יוסף","2242*","בשרי","https://www.misadotmehadrin.co.il/%D7%9E%D7%A1%D7%A2%D7%93%D7%95%D7%AA-%D7%9B%D7%A9%D7%A8%D7%95%D7%AA-%D7%9C%D7%9E%D7%94%D7%93%D7%A8%D7%99%D7%9F/%D7%91%D7%95%D7%A8%D7%92%D7%A8%D7%A1-%D7%91%D7%A8-3"
"בורגרס בר - פנינת אילת","דרבן 4, מרכז פנינה אילת","אילת","א'-ד': 11:00-03:00
ה': 11:00-03:00
ו': 11:00-15:00
מוצ""ש: חצי שעה לאחר צאת השבת עד 03:00","הרב מחפוד","2242*","בשרי","https://www.misadotmehadrin.co.il/%D7%9E%D7%A1%D7%A2%D7%93%D7%95%D7%AA-%D7%9B%D7%A9%D7%A8%D7%95%D7%AA-%D7%9C%D7%9E%D7%94%D7%93%D7%A8%D7%99%D7%9F/%D7%91%D7%95%D7%A8%D7%92%D7%A8%D7%A1-%D7%91%D7%A8-3"
"שיפודי ציפורה","קאמן 10, אילת","אילת","א'-ה' 12:00-22:00","בית יוסף","08-637-8228","בשרי","https://www.misadotmehadrin.co.il/%D7%9E%D7%A1%D7%A2%D7%93%D7%95%D7%AA-%D7%9B%D7%A9%D7%A8%D7%95%D7%AA-%D7%9C%D7%9E%D7%94%D7%93%D7%A8%D7%99%D7%9F/%D7%A9%D7%99%D7%A4%D7%95%D7%93%D7%99-%D7%A6%D7%99%D7%A4%D7%95%D7%A8%D7%94"
"בורגרס בר","הגדוד העברי 5 גן העיר אשדוד","אשדוד","א-ה: 11:00-00:00
מוצא""ש: עד 00:00","בית יוסף","2242 *","בשרי","https://www.misadotmehadrin.co.il/%D7%9E%D7%A1%D7%A2%D7%93%D7%95%D7%AA-%D7%9B%D7%A9%D7%A8%D7%95%D7%AA-%D7%9C%D7%9E%D7%94%D7%93%D7%A8%D7%99%D7%9F/%D7%91%D7%95%D7%A8%D7%92%D7%A8%D7%A1-%D7%91%D7%A8-2"
"ויצמן","הבנאים 9, אשדוד","אשדוד","א'-ד' 12:00-22:30
יום ה' 12:00-23:00","הרב מחפוד","08-852-2593","בשרי","https://www.misadotmehadrin.co.il/%D7%9E%D7%A1%D7%A2%D7%93%D7%95%D7%AA-%D7%9B%D7%A9%D7%A8%D7%95%D7%AA-%D7%9C%D7%9E%D7%94%D7%93%D7%A8%D7%99%D7%9F/%D7%95%D7%99%D7%A6%D7%9E%D7%9F"
"רוזה","ז'בוטינסקי 45, אשדוד","אשדוד","א'-ד' 13:00-22:30
יום ה' 12:00-23:00","בית יוסף","08-618-1717","בשרי","https://www.misadotmehadrin.co.il/%D7%9E%D7%A1%D7%A2%D7%93%D7%95%D7%AA-%D7%9B%D7%A9%D7%A8%D7%95%D7%AA-%D7%9C%D7%9E%D7%94%D7%93%D7%A8%D7%99%D7%9F/%D7%A8%D7%95%D7%96%D7%94-1"
"באבו","אורט 29, אשקלון","אשקלון","א'-ד' 11:30-23:00
יום ה' 11:30-23:30","בית יוסף","077-507-0010","בשרי","https://www.misadotmehadrin.co.il/%D7%9E%D7%A1%D7%A2%D7%93%D7%95%D7%AA-%D7%9B%D7%A9%D7%A8%D7%95%D7%AA-%D7%9C%D7%9E%D7%94%D7%93%D7%A8%D7%99%D7%9F/%D7%91%D7%90%D7%91%D7%95"
"ג'פאן ג'פאן","הנמל 9, מרינה אשקלון","אשקלון","בימים א'-ד'
11:30-23:00
חמישי-11:30-00:00
שישי-סגור
שבת-שעה מצאת שבת-00:00","בית יוסף","3304*","בשרי","https://www.misadotmehadrin.co.il/%D7%9E%D7%A1%D7%A2%D7%93%D7%95%D7%AA-%D7%9B%D7%A9%D7%A8%D7%95%D7%AA-%D7%9C%D7%9E%D7%94%D7%93%D7%A8%D7%99%D7%9F/%D7%92-%D7%A4%D7%90%D7%9F-%D7%92-%D7%A4%D7%90%D7%9F-1"
"הגחלים","הגבורה 1, אשקלון","אשקלון","א'-ה' 11:00-23:00","בד""ץ הדר הכשרות של הרב יצחק ברדא","08-671-0230","בשרי","https://www.misadotmehadrin.co.il/%D7%9E%D7%A1%D7%A2%D7%93%D7%95%D7%AA-%D7%9B%D7%A9%D7%A8%D7%95%D7%AA-%D7%9C%D7%9E%D7%94%D7%93%D7%A8%D7%99%D7%9F/%D7%94%D7%92%D7%97%D7%9C%D7%99%D7%9D"
"ג'פאן ג'פאן","ראובן רובין 5 מתחם הבלוק, באר שבע","באר שבע","א'-ד': 11:30-23:00
ה': 11:30-00:00
שישי: סגור
שבת: שעה אחרי צאת שבת-00:00","בית יוסף","3304*","בשרי","https://www.misadotmehadrin.co.il/%D7%9E%D7%A1%D7%A2%D7%93%D7%95%D7%AA-%D7%9B%D7%A9%D7%A8%D7%95%D7%AA-%D7%9C%D7%9E%D7%94%D7%93%D7%A8%D7%99%D7%9F/%D7%92-%D7%A4%D7%90%D7%9F-%D7%92-%D7%A4%D7%90%D7%9F-3"
"אלמה","דרך יצחק רבין 19, בית שמש","בית שמש","א'-ה' 13:00-22:30","הרב מחפוד","02-544-9986","בשרי","https://www.misadotmehadrin.co.il/%D7%9E%D7%A1%D7%A2%D7%93%D7%95%D7%AA-%D7%9B%D7%A9%D7%A8%D7%95%D7%AA-%D7%9C%D7%9E%D7%94%D7%93%D7%A8%D7%99%D7%9F/%D7%90%D7%9C%D7%9E%D7%94"
"ג'פאן ג'פאן","יגאל אלון 3, קניון ביג פאשן, בית שמש","בית שמש","א'-ד': 11:00-23:30
ה'-11:00-00:00
שישי: 11:00-14:30
שבת: שעה מצאת השבת-00:00","בית יוסף","3304*","בשרי","https://www.misadotmehadrin.co.il/%D7%9E%D7%A1%D7%A2%D7%93%D7%95%D7%AA-%D7%9B%D7%A9%D7%A8%D7%95%D7%AA-%D7%9C%D7%9E%D7%94%D7%93%D7%A8%D7%99%D7%9F/%D7%92-%D7%A4%D7%90%D7%9F-%D7%92-%D7%A4%D7%90%D7%9F"
"מסובין","יגאל אלון 2 , מתחם פז בכניסה לבית שמש","בית שמש","א'-ה' 18:00-23:00","הרב לנדא","02-9911778","בשרי","https://www.misadotmehadrin.co.il/%D7%9E%D7%A1%D7%A2%D7%93%D7%95%D7%AA-%D7%9B%D7%A9%D7%A8%D7%95%D7%AA-%D7%9C%D7%9E%D7%94%D7%93%D7%A8%D7%99%D7%9F/%D7%9E%D7%A1%D7%95%D7%91%D7%99%D7%9F"
"אגאדיר","מצדה 7, בסר 4, בני ברק","בני ברק","א'-ד' 12:00-24:00
יום ה' 12:00-01:00","הרב מחפוד","5690*","בשרי","https://www.misadotmehadrin.co.il/%D7%9E%D7%A1%D7%A2%D7%93%D7%95%D7%AA-%D7%9B%D7%A9%D7%A8%D7%95%D7%AA-%D7%9C%D7%9E%D7%94%D7%93%D7%A8%D7%99%D7%9F/%D7%90%D7%92%D7%90%D7%93%D7%99%D7%A8"
"בסרייה","מצדה 12 בני ברק","בני ברק","א'-ד' 17:00-23:00
ה' 17:00-24:00","הרב לנדא","03-6035586","בשרי","https://www.misadotmehadrin.co.il/%D7%9E%D7%A1%D7%A2%D7%93%D7%95%D7%AA-%D7%9B%D7%A9%D7%A8%D7%95%D7%AA-%D7%9C%D7%9E%D7%94%D7%93%D7%A8%D7%99%D7%9F/%D7%91%D7%A1%D7%A8%D7%99%D7%99%D7%94"
"בציר","מצדה 9, ב, בני ברק,","בני ברק","א'-ד' 12:00-23:30
יום ה' 12:00-01:30","קהילות","053-326-6463","בשרי","https://www.misadotmehadrin.co.il/%D7%9E%D7%A1%D7%A2%D7%93%D7%95%D7%AA-%D7%9B%D7%A9%D7%A8%D7%95%D7%AA-%D7%9C%D7%9E%D7%94%D7%93%D7%A8%D7%99%D7%9F/%D7%91%D7%A6%D7%99%D7%A8"
"נגיסה","בן גוריון 13 בני ברק/רמת גן","בני ברק","ראשון-חמישי: 11:00-23:30
יום שישי: סגור
מוצש:  חצי שעה מצאת שבת ועד השעה 00:00","בית יוסף","077-7000333","בשרי","https://www.misadotmehadrin.co.il/%D7%9E%D7%A1%D7%A2%D7%93%D7%95%D7%AA-%D7%9B%D7%A9%D7%A8%D7%95%D7%AA-%D7%9C%D7%9E%D7%94%D7%93%D7%A8%D7%99%D7%9F/%D7%A0%D7%92%D7%99%D7%A1%D7%94"
"ג'פאו ג'פאן","רח' מוטה גור 14, מתחם עמי בוטיק, גבעת שמואל","גבעת שמואל","א'-ד': 11:00-23:00
ה': 11:00-23:00
שישי: 10:30-14:30
שבת: חצי שעה מצאת השבת-00:00","בית יוסף","3304*","בשרי","https://www.misadotmehadrin.co.il/%D7%9E%D7%A1%D7%A2%D7%93%D7%95%D7%AA-%D7%9B%D7%A9%D7%A8%D7%95%D7%AA-%D7%9C%D7%9E%D7%94%D7%93%D7%A8%D7%99%D7%9F/%D7%92-%D7%A4%D7%90%D7%95-%D7%92-%D7%A4%D7%90%D7%9F"
"מטבל","יוני נתניהו 31, גבעת שמואל","גבעת שמואל","א' – ה': 11:00-23:00
ו' – 06:00-14:00","הרב מחפוד","073-7578918","בשרי","https://www.misadotmehadrin.co.il/%D7%9E%D7%A1%D7%A2%D7%93%D7%95%D7%AA-%D7%9B%D7%A9%D7%A8%D7%95%D7%AA-%D7%9C%D7%9E%D7%94%D7%93%D7%A8%D7%99%D7%9F/%D7%9E%D7%98%D7%91%D7%9C"
"לחם בשר","השונית 2, מרינה, הרצליה פיתוח","הרצליה","יום א’ – יום ה’ 12:00-24:00
יום ו’ 12:00 – שעתיים לפני כניסת השבת
שבת שעה אחרי צאת שבת – 24:00
*השעות משתנות בקיץ או בהתאם לעונות*","הרב מחפוד","077-2307592","בשרי","https://www.misadotmehadrin.co.il/%D7%9E%D7%A1%D7%A2%D7%93%D7%95%D7%AA-%D7%9B%D7%A9%D7%A8%D7%95%D7%AA-%D7%9C%D7%9E%D7%94%D7%93%D7%A8%D7%99%D7%9F/%D7%9C%D7%97%D7%9D-%D7%91%D7%A9%D7%A8-2"
"פאפגיו","השונית 2, הרצליה","הרצליה","א'-ה' 13:00-23:00
ימי שישי 12:00-15:00","הרב רפאל מנת","09-9564000","בשרי","https://www.misadotmehadrin.co.il/%D7%9E%D7%A1%D7%A2%D7%93%D7%95%D7%AA-%D7%9B%D7%A9%D7%A8%D7%95%D7%AA-%D7%9C%D7%9E%D7%94%D7%93%D7%A8%D7%99%D7%9F/%D7%A4%D7%90%D7%A4%D7%92%D7%99%D7%95"
"רובן","הגליל 100, נווה שאנן, חיפה","חיפה","א'-ד': 11:00-23:00
ה': 11:00-00:00
ו': 11:00-15:00
שבת: כשעה וחצי לאחר צאת שבת עד חצות","הרב מחפוד","04-6665265","בשרי","https://www.misadotmehadrin.co.il/%D7%9E%D7%A1%D7%A2%D7%93%D7%95%D7%AA-%D7%9B%D7%A9%D7%A8%D7%95%D7%AA-%D7%9C%D7%9E%D7%94%D7%93%D7%A8%D7%99%D7%9F/%D7%A8%D7%95%D7%91%D7%9F-4"
"ג'פאן ג'פאן","יהודה הלוי 1, מתחם ביג, טבריה","טבריה","א'-ה': 11:00-22:00
שישי: 11:00-14:00
שבת: שעה מצאת השבת-22:30","בית יוסף","3304*","בשרי","https://www.misadotmehadrin.co.il/%D7%9E%D7%A1%D7%A2%D7%93%D7%95%D7%AA-%D7%9B%D7%A9%D7%A8%D7%95%D7%AA-%D7%9C%D7%9E%D7%94%D7%93%D7%A8%D7%99%D7%9F/%D7%92-%D7%A4%D7%90%D7%9F-%D7%92-%D7%A4%D7%90%D7%9F-5"
"סול","הבנים 17 טבריה","טבריה","א'-ה' 12:00-22:00","הרב לנדאו","04-6773444","בשרי","https://www.misadotmehadrin.co.il/%D7%9E%D7%A1%D7%A2%D7%93%D7%95%D7%AA-%D7%9B%D7%A9%D7%A8%D7%95%D7%AA-%D7%9C%D7%9E%D7%94%D7%93%D7%A8%D7%99%D7%9F/%D7%A1%D7%95%D7%9C"
"אלישע","הרטום 7, ירושלים","ירושלים","א'-ה' 10:00-23:00","הרב מחפוד","02-582-0058","בשרי","https://www.misadotmehadrin.co.il/%D7%9E%D7%A1%D7%A2%D7%93%D7%95%D7%AA-%D7%9B%D7%A9%D7%A8%D7%95%D7%AA-%D7%9C%D7%9E%D7%94%D7%93%D7%A8%D7%99%D7%9F/%D7%90%D7%9C%D7%99%D7%A9%D7%A2"
"אנטריקוט","קרית המדע 22, הר חוצבים, ירושלים","ירושלים","א'-ה' 12:30-23:00","העדה החרדית","073-7027317","בשרי","https://www.misadotmehadrin.co.il/%D7%9E%D7%A1%D7%A2%D7%93%D7%95%D7%AA-%D7%9B%D7%A9%D7%A8%D7%95%D7%AA-%D7%9C%D7%9E%D7%94%D7%93%D7%A8%D7%99%D7%9F/%D7%90%D7%A0%D7%98%D7%A8%D7%99%D7%A7%D7%95%D7%98"
"בורגרס בר - בן יהודה","בן יהודה 2 ירושלים,","ירושלים","","הרב מחפוד","","בשרי","https://www.misadotmehadrin.co.il/%D7%9E%D7%A1%D7%A2%D7%93%D7%95%D7%AA-%D7%9B%D7%A9%D7%A8%D7%95%D7%AA-%D7%9C%D7%9E%D7%94%D7%93%D7%A8%D7%99%D7%9F/%D7%91%D7%95%D7%A8%D7%92%D7%A8%D7%A1-%D7%91%D7%A8-1"
"בורגרס בר - גבעת שאול","בית הדפוס 12 ירושלים,","ירושלים","","הרב מחפוד","","בשרי","https://www.misadotmehadrin.co.il/%D7%9E%D7%A1%D7%A2%D7%93%D7%95%D7%AA-%D7%9B%D7%A9%D7%A8%D7%95%D7%AA-%D7%9C%D7%9E%D7%94%D7%93%D7%A8%D7%99%D7%9F/%D7%91%D7%95%D7%A8%D7%92%D7%A8%D7%A1-%D7%91%D7%A8-1"
"בורגרס בר - גילה","הגננת 216, ירושלים,","ירושלים","","הרב מחפוד","","בשרי","https://www.misadotmehadrin.co.il/%D7%9E%D7%A1%D7%A2%D7%93%D7%95%D7%AA-%D7%9B%D7%A9%D7%A8%D7%95%D7%AA-%D7%9C%D7%9E%D7%94%D7%93%D7%A8%D7%99%D7%9F/%D7%91%D7%95%D7%A8%D7%92%D7%A8%D7%A1-%D7%91%D7%A8-1"
"בורגרס בר - המושבה הגרמנית","עמק רפאים 31, ירושלים,","ירושלים","","בית יוסף","","בשרי","https://www.misadotmehadrin.co.il/%D7%9E%D7%A1%D7%A2%D7%93%D7%95%D7%AA-%D7%9B%D7%A9%D7%A8%D7%95%D7%AA-%D7%9C%D7%9E%D7%94%D7%93%D7%A8%D7%99%D7%9F/%D7%91%D7%95%D7%A8%D7%92%D7%A8%D7%A1-%D7%91%D7%A8-1"
"בורגרס בר - הרובע היהודי","תפארת ישראל 12, ירושלים.","ירושלים","","הרב מחפוד","","בשרי","https://www.misadotmehadrin.co.il/%D7%9E%D7%A1%D7%A2%D7%93%D7%95%D7%AA-%D7%9B%D7%A9%D7%A8%D7%95%D7%AA-%D7%9C%D7%9E%D7%94%D7%93%D7%A8%D7%99%D7%9F/%D7%91%D7%95%D7%A8%D7%92%D7%A8%D7%A1-%D7%91%D7%A8-1"
"בורגרס בר - יפו","יפו 36 , ירושלים","ירושלים","","בית יוסף","","בשרי","https://www.misadotmehadrin.co.il/%D7%9E%D7%A1%D7%A2%D7%93%D7%95%D7%AA-%D7%9B%D7%A9%D7%A8%D7%95%D7%AA-%D7%9C%D7%9E%D7%94%D7%93%D7%A8%D7%99%D7%9F/%D7%91%D7%95%D7%A8%D7%92%D7%A8%D7%A1-%D7%91%D7%A8-1"
"בורגרס בר - מחנה יהודה","עץ חיים 68, ירושלים","ירושלים","","הרב מחפוד","","בשרי","https://www.misadotmehadrin.co.il/%D7%9E%D7%A1%D7%A2%D7%93%D7%95%D7%AA-%D7%9B%D7%A9%D7%A8%D7%95%D7%AA-%D7%9C%D7%9E%D7%94%D7%93%D7%A8%D7%99%D7%9F/%D7%91%D7%95%D7%A8%D7%92%D7%A8%D7%A1-%D7%91%D7%A8-1"
"ג'וי","שדרות ממילא 13, ירושלים","ירושלים","א’-ה’  00:00 - 12:00","בית יוסף","02-5020555","בשרי","https://www.misadotmehadrin.co.il/%D7%9E%D7%A1%D7%A2%D7%93%D7%95%D7%AA-%D7%9B%D7%A9%D7%A8%D7%95%D7%AA-%D7%9C%D7%9E%D7%94%D7%93%D7%A8%D7%99%D7%9F/%D7%92-%D7%95%D7%99"
"ג'פאן ג'פאן - סניף 1","דרך חברון 101, ירושלים[בית הנציב]","ירושלים","א'-ד': 11:00-23:30
ה': 11:00-00:00
שישי: 10:30 - שעה לפני כניסת השבת
שבת: חצי שעה מצאת השבת-00:00","בית יוסף","3304*","בשרי","https://www.misadotmehadrin.co.il/%D7%9E%D7%A1%D7%A2%D7%93%D7%95%D7%AA-%D7%9B%D7%A9%D7%A8%D7%95%D7%AA-%D7%9C%D7%9E%D7%94%D7%93%D7%A8%D7%99%D7%9F/%D7%92-%D7%A4%D7%90%D7%9F-%D7%92-%D7%A4%D7%90%D7%9F-4"
"ג'פאן ג'פאן - סניף 2","רח' ההגנה 21, ירושלים[הגבעה הצרפתית]","ירושלים","א'-ד': 11:00-23:30
ה': 11:00-00:00
שישי: 10:30 - שעה לפני כניסת השבת
שבת: חצי שעה מצאת השבת-00:00","בית יוסף","3304*","בשרי","https://www.misadotmehadrin.co.il/%D7%9E%D7%A1%D7%A2%D7%93%D7%95%D7%AA-%D7%9B%D7%A9%D7%A8%D7%95%D7%AA-%D7%9C%D7%9E%D7%94%D7%93%D7%A8%D7%99%D7%9F/%D7%92-%D7%A4%D7%90%D7%9F-%D7%92-%D7%A4%D7%90%D7%9F-4"
"גריל בר","הסורג 1, ירושלים","ירושלים","ימים א'-ה': שעות 12:00-23:00","הרב מחפוד","02-6223761","בשרי","https://www.misadotmehadrin.co.il/%D7%9E%D7%A1%D7%A2%D7%93%D7%95%D7%AA-%D7%9B%D7%A9%D7%A8%D7%95%D7%AA-%D7%9C%D7%9E%D7%94%D7%93%D7%A8%D7%99%D7%9F/%D7%92%D7%A8%D7%99%D7%9C-%D7%91%D7%A8"
"החברים - סניף 1","דרך רבין 10, ירושלים , מתחם סינמה סיטי","ירושלים","א'-ה' 12:00-23:00","בית יוסף","02-6230066","בשרי","https://www.misadotmehadrin.co.il/%D7%9E%D7%A1%D7%A2%D7%93%D7%95%D7%AA-%D7%9B%D7%A9%D7%A8%D7%95%D7%AA-%D7%9C%D7%9E%D7%94%D7%93%D7%A8%D7%99%D7%9F/%D7%94%D7%97%D7%91%D7%A8%D7%99%D7%9D-1"
"החברים - סניף 2","גולדה מאיר 255 ירושלים קניון רמות","ירושלים","א'-ה' 12:00-23:00","הרב לנדאו","077-938-6151","בשרי","https://www.misadotmehadrin.co.il/%D7%9E%D7%A1%D7%A2%D7%93%D7%95%D7%AA-%D7%9B%D7%A9%D7%A8%D7%95%D7%AA-%D7%9C%D7%9E%D7%94%D7%93%D7%A8%D7%99%D7%9F/%D7%94%D7%97%D7%91%D7%A8%D7%99%D7%9D-1"
"נויה","שלומציון המלכה 3, ירושלים","ירושלים","ראשון עד חמישי 13:00-23:00
שישי סגור","קהילות","","בשרי","https://www.misadotmehadrin.co.il/%D7%9E%D7%A1%D7%A2%D7%93%D7%95%D7%AA-%D7%9B%D7%A9%D7%A8%D7%95%D7%AA-%D7%9C%D7%9E%D7%94%D7%93%D7%A8%D7%99%D7%9F/%D7%A0%D7%95%D7%99%D7%94"
"פירסט","בן מימון 1 ירושלים","ירושלים","א'-ה' 12:30-23:00","הרב מחפוד","055-500-4280","בשרי","https://www.misadotmehadrin.co.il/%D7%9E%D7%A1%D7%A2%D7%93%D7%95%D7%AA-%D7%9B%D7%A9%D7%A8%D7%95%D7%AA-%D7%9C%D7%9E%D7%94%D7%93%D7%A8%D7%99%D7%9F/%D7%A4%D7%99%D7%A8%D7%A1%D7%98"
"ציון הגדול","גולדה מאיר 255, קניון רמות, ירושלים","ירושלים","ראשון-חמישי 10:00 – 23:00","הרב מחפוד","073-7578851","בשרי","https://www.misadotmehadrin.co.il/%D7%9E%D7%A1%D7%A2%D7%93%D7%95%D7%AA-%D7%9B%D7%A9%D7%A8%D7%95%D7%AA-%D7%9C%D7%9E%D7%94%D7%93%D7%A8%D7%99%D7%9F/%D7%A6%D7%99%D7%95%D7%9F-%D7%94%D7%92%D7%93%D7%95%D7%9C"
"קבלרו","המרפא 1, ירושלים","ירושלים","א-ה : 18:00-22:45","העדה החרדית","02-53-770-00","בשרי","https://www.misadotmehadrin.co.il/%D7%9E%D7%A1%D7%A2%D7%93%D7%95%D7%AA-%D7%9B%D7%A9%D7%A8%D7%95%D7%AA-%D7%9C%D7%9E%D7%94%D7%93%D7%A8%D7%99%D7%9F/%D7%A7%D7%91%D7%9C%D7%A8%D7%95"
"רובן","כנפי נשרים 24, ירושלים","ירושלים","ראשון – רביעי: 12:00-23:30
חמישי: 12:00-00:00
שישי: סגור
מוצ""ש: כשעה וחצי לאחר צאת השבת ועד חצות","הרב מחפוד","02-647-5500","בשרי","https://www.misadotmehadrin.co.il/%D7%9E%D7%A1%D7%A2%D7%93%D7%95%D7%AA-%D7%9B%D7%A9%D7%A8%D7%95%D7%AA-%D7%9C%D7%9E%D7%94%D7%93%D7%A8%D7%99%D7%9F/%D7%A8%D7%95%D7%91%D7%9F-1"
"רודריגז","מגדל ג.ט.י, קרית המדע 3, ירושלים","ירושלים","א'-ה' 18:00-23:00","הרב רובין","02-5815815","בשרי","https://www.misadotmehadrin.co.il/%D7%9E%D7%A1%D7%A2%D7%93%D7%95%D7%AA-%D7%9B%D7%A9%D7%A8%D7%95%D7%AA-%D7%9C%D7%9E%D7%94%D7%93%D7%A8%D7%99%D7%9F/%D7%A8%D7%95%D7%93%D7%A8%D7%99%D7%92%D7%96"
"רובן","רפפורט 3, קניון הירוקה, כפר סבא","כפר סבא","ראשון – רביעי: 12:00-23:00
חמישי: 12:00-00:00
שישי: 12:00-15:30
מוצ""ש – כשעה וחצי לאחר צאת השבת ועד חצות","הרב מחפוד","09-7424666","בשרי","https://www.misadotmehadrin.co.il/%D7%9E%D7%A1%D7%A2%D7%93%D7%95%D7%AA-%D7%9B%D7%A9%D7%A8%D7%95%D7%AA-%D7%9C%D7%9E%D7%94%D7%93%D7%A8%D7%99%D7%9F/%D7%A8%D7%95%D7%91%D7%9F"
"גריל בר","הראל 5, מבשרת ציון","מבשרת ציון","ימים א'-ה': שעות 12:00-23:00","הרב מחפוד","02-6223761","בשרי","https://www.misadotmehadrin.co.il/%D7%9E%D7%A1%D7%A2%D7%93%D7%95%D7%AA-%D7%9B%D7%A9%D7%A8%D7%95%D7%AA-%D7%9C%D7%9E%D7%94%D7%93%D7%A8%D7%99%D7%9F/%D7%92%D7%A8%D7%99%D7%9C-%D7%91%D7%A8-1"
"בורגרס בר","עמק דותן 23 , מרכז מליבו, מודיעין","מודיעין","א'-ה' 11:00-23:00","בית יוסף","2242*","בשרי","https://www.misadotmehadrin.co.il/%D7%9E%D7%A1%D7%A2%D7%93%D7%95%D7%AA-%D7%9B%D7%A9%D7%A8%D7%95%D7%AA-%D7%9C%D7%9E%D7%94%D7%93%D7%A8%D7%99%D7%9F/%D7%91%D7%95%D7%A8%D7%92%D7%A8%D7%A1-%D7%91%D7%A8"
"רוזה","שדרות המלאכות 1 מודיעין","מודיעין","א’-ה’ 23:00-11:30
ו’-ש' סגור","הרב מחפוד","072-397-5150","בשרי","https://www.misadotmehadrin.co.il/%D7%9E%D7%A1%D7%A2%D7%93%D7%95%D7%AA-%D7%9B%D7%A9%D7%A8%D7%95%D7%AA-%D7%9C%D7%9E%D7%94%D7%93%D7%A8%D7%99%D7%9F/%D7%A8%D7%95%D7%96%D7%94"
"רובן","שדרות הגעתון 35, נהריה","נהריה","א'- ד': 11:30-23:30
ה': 11:30-00:00
ן': 11:30-14:00
מוצ""ש: שעה לאחר צאת שבת עד 00:00","הרב מחפוד","077-9800370","בשרי","https://www.misadotmehadrin.co.il/%D7%9E%D7%A1%D7%A2%D7%93%D7%95%D7%AA-%D7%9B%D7%A9%D7%A8%D7%95%D7%AA-%D7%9C%D7%9E%D7%94%D7%93%D7%A8%D7%99%D7%9F/%D7%A8%D7%95%D7%91%D7%9F-3"
"רובן","המלאכה 25, עפולה","עפולה","ראשון – רביעי: 11:30-22:30
ימי חמישי: 11:30-23:00
ימי שישי: סגור.
מוצ""ש: כשעה לאחר צאת השבת ועד 23:30","מהדרין עפולה","04-300-9009","בשרי","https://www.misadotmehadrin.co.il/%D7%9E%D7%A1%D7%A2%D7%93%D7%95%D7%AA-%D7%9B%D7%A9%D7%A8%D7%95%D7%AA-%D7%9C%D7%9E%D7%94%D7%93%D7%A8%D7%99%D7%9F/%D7%A8%D7%95%D7%91%D7%9F-6"
"החברים","ז'בוטינסקי 61 מתחם ב.ס.ר סיטי פתח תקווה","פתח תקווה","א'-ה' 12:00-23:00","הרב מחפוד","077-9386161","בשרי","https://www.misadotmehadrin.co.il/%D7%9E%D7%A1%D7%A2%D7%93%D7%95%D7%AA-%D7%9B%D7%A9%D7%A8%D7%95%D7%AA-%D7%9C%D7%9E%D7%94%D7%93%D7%A8%D7%99%D7%9F/%D7%94%D7%97%D7%91%D7%A8%D7%99%D7%9D"
"לחם בשר","תוצרת הארץ 3, פתח תקווה","פתח תקווה","ראשון-רביעי | 12:00 – 23:00
חמישי | 12:00 – 23:30","הרב מחפוד","077-230-7114","בשרי","https://www.misadotmehadrin.co.il/%D7%9E%D7%A1%D7%A2%D7%93%D7%95%D7%AA-%D7%9B%D7%A9%D7%A8%D7%95%D7%AA-%D7%9C%D7%9E%D7%94%D7%93%D7%A8%D7%99%D7%9F/%D7%9C%D7%97%D7%9D-%D7%91%D7%A9%D7%A8"
"קפאו","מתחם ב.ס.ר סיטי, תוצרת הארץ 3, פתח תקווה","פתח תקווה","א' - ד': 12:00 - 23:00
ה': 12:00 - 00:00
ו': סגור
שבת: שעה אחרי צאת השבת - 00:00","בית יוסף","077-3622222","בשרי","https://www.misadotmehadrin.co.il/%D7%9E%D7%A1%D7%A2%D7%93%D7%95%D7%AA-%D7%9B%D7%A9%D7%A8%D7%95%D7%AA-%D7%9C%D7%9E%D7%94%D7%93%D7%A8%D7%99%D7%9F/%D7%A7%D7%A4%D7%90%D7%95"
"בארכה גחלים","ירושלים 72 צפת","צפת","בימים א'-ד' 13:00-22:00
יום ה' 13:00-23:00","הרב מחפוד","04-6468484","בשרי","https://www.misadotmehadrin.co.il/%D7%9E%D7%A1%D7%A2%D7%93%D7%95%D7%AA-%D7%9B%D7%A9%D7%A8%D7%95%D7%AA-%D7%9C%D7%9E%D7%94%D7%93%D7%A8%D7%99%D7%9F/%D7%91%D7%90%D7%A8%D7%9B%D7%94-%D7%92%D7%97%D7%9C%D7%99%D7%9D"
"איסקנדר","רפטינג נהר הירדן","קיבוץ גדות","ראשון–חמישי: 12:00-20:00","מהדרין חצור הגלילית","072-3726528","בשרי","https://www.misadotmehadrin.co.il/%D7%9E%D7%A1%D7%A2%D7%93%D7%95%D7%AA-%D7%9B%D7%A9%D7%A8%D7%95%D7%AA-%D7%9C%D7%9E%D7%94%D7%93%D7%A8%D7%99%D7%9F/%D7%90%D7%99%D7%A1%D7%A7%D7%A0%D7%93%D7%A8"
"הצלבנים","הנמל העתיק , קיסריה","קיסריה","יום ראשון עד חמישי 11:00-23:00
יום שישי 11:00 עד שעה וחצי לפני כניסת שבת
יום שבת חצי שעה אחרי צאת השבת - 23:00","בית יוסף","04-6361679","בשרי","https://www.misadotmehadrin.co.il/%D7%9E%D7%A1%D7%A2%D7%93%D7%95%D7%AA-%D7%9B%D7%A9%D7%A8%D7%95%D7%AA-%D7%9C%D7%9E%D7%94%D7%93%D7%A8%D7%99%D7%9F/%D7%94%D7%A6%D7%9C%D7%91%D7%A0%D7%99%D7%9D"
"עתיקה","רחוב העמקים 1, קריית ביאליק","קרית ביאליק","ימים א׳- ה׳ בין השעות 12:00-22:00","הרב מחפוד","04-8402025","בשרי","https://www.misadotmehadrin.co.il/%D7%9E%D7%A1%D7%A2%D7%93%D7%95%D7%AA-%D7%9B%D7%A9%D7%A8%D7%95%D7%AA-%D7%9C%D7%9E%D7%94%D7%93%D7%A8%D7%99%D7%9F/%D7%A2%D7%AA%D7%99%D7%A7%D7%94"
"רובן","דרך עכו 192, קרית ביאליק","קרית ביאליק","ראשון – רביעי: 12:00-23:00
חמישי: 12:00-00:00
שישי:12:00-15:00
שבת: כשעה וחצי אחרי יציאת שבת עד 00:00","הרב מחפוד","0777242013","בשרי","https://www.misadotmehadrin.co.il/%D7%9E%D7%A1%D7%A2%D7%93%D7%95%D7%AA-%D7%9B%D7%A9%D7%A8%D7%95%D7%AA-%D7%9C%D7%9E%D7%94%D7%93%D7%A8%D7%99%D7%9F/%D7%A8%D7%95%D7%91%D7%9F-2"
"ארץ כנען","דרך הגליל, ראש פינה","ראש פינה","א'-ה' 17:00-23:00","הרב מחפוד","04-686-0107","בשרי","https://www.misadotmehadrin.co.il/%D7%9E%D7%A1%D7%A2%D7%93%D7%95%D7%AA-%D7%9B%D7%A9%D7%A8%D7%95%D7%AA-%D7%9C%D7%9E%D7%94%D7%93%D7%A8%D7%99%D7%9F/%D7%90%D7%A8%D7%A5-%D7%9B%D7%A0%D7%A2%D7%9F"
"לחם בשר","משה בקר 13, הרובע, איזור התעשיה הישן, ראשון לציון","ראשון לציון","א – ד- 12:00 – 23:30
ה – 12:00 – 00:30
שישי – סגור
שבת – סגור","הרב מחפוד","03-9555511","בשרי","https://www.misadotmehadrin.co.il/%D7%9E%D7%A1%D7%A2%D7%93%D7%95%D7%AA-%D7%9B%D7%A9%D7%A8%D7%95%D7%AA-%D7%9C%D7%9E%D7%94%D7%93%D7%A8%D7%99%D7%9F/%D7%9C%D7%97%D7%9D-%D7%91%D7%A9%D7%A8-1"
"קמפניה","ברשבסקי 8, ראשון לציון","ראשון לציון","יום א'-ה': 12:00 - 23:30
יום ו': סגור
יום ש': שעה לאחר צאת השבת - 23:00","הרב מחפוד","03-9037667","בשרי","https://www.misadotmehadrin.co.il/%D7%9E%D7%A1%D7%A2%D7%93%D7%95%D7%AA-%D7%9B%D7%A9%D7%A8%D7%95%D7%AA-%D7%9C%D7%9E%D7%94%D7%93%D7%A8%D7%99%D7%9F/%D7%A7%D7%9E%D7%A4%D7%A0%D7%99%D7%94"
"אושי אושי","האנגר 21, נמל תל אביב","תל אביב","א-ה: 11:00-23:30
ו: 15:00-11:00
מוצ""ש: 20:30-00:00","בית יוסף","6054*","בשרי","https://www.misadotmehadrin.co.il/%D7%9E%D7%A1%D7%A2%D7%93%D7%95%D7%AA-%D7%9B%D7%A9%D7%A8%D7%95%D7%AA-%D7%9C%D7%9E%D7%94%D7%93%D7%A8%D7%99%D7%9F/%D7%90%D7%95%D7%A9%D7%99-%D7%90%D7%95%D7%A9%D7%99"
"לחם בשר","יורדי הסירה 1, נמל תל אביב","תל אביב","א-ד: 12:00-23:00
ה': 12:00-00:00
שישי: 12:00-16:00
שבת: שעה אחרי צאת שבת-00:00","הרב מחפוד","03-525-2558","בשרי","https://www.misadotmehadrin.co.il/%D7%9E%D7%A1%D7%A2%D7%93%D7%95%D7%AA-%D7%9B%D7%A9%D7%A8%D7%95%D7%AA-%D7%9C%D7%9E%D7%94%D7%93%D7%A8%D7%99%D7%9F/%D7%9C%D7%97%D7%9D-%D7%91%D7%A9%D7%A8-3"
"רשל","יוסף יקותיאלי 3,האנגר 27 נמל תל אביב","תל אביב","ימים ראשון – רביעי | 13:00-23:00
יום חמישי | 13:00-01:00
יום ו' | סגור
מוצ""ש סגור","הרב מחפוד","077-8041545","בשרי","https://www.misadotmehadrin.co.il/%D7%9E%D7%A1%D7%A2%D7%93%D7%95%D7%AA-%D7%9B%D7%A9%D7%A8%D7%95%D7%AA-%D7%9C%D7%9E%D7%94%D7%93%D7%A8%D7%99%D7%9F/%D7%A8%D7%A9%D7%9C"
"קפה ליון","מתחם מיני, יצחק רבין 5, אור יהודה","אור יהודה","א'-ה' 09:00-23:00 יום ו' 09:00-13:00 מוצ""ש 21:30-00:00","בית יוסף","03-7214979","חלבי","https://www.misadotmehadrin.co.il/%D7%9E%D7%A1%D7%A2%D7%93%D7%95%D7%AA-%D7%9B%D7%A9%D7%A8%D7%95%D7%AA-%D7%9C%D7%9E%D7%94%D7%93%D7%A8%D7%99%D7%9F/%D7%A7%D7%A4%D7%94-%D7%9C%D7%99%D7%95%D7%9F"
"קיטשן גרג","קניון 'אייס מול' מפלס תחתון אילת","אילת","א'-ה' 09:00-23:00
שישי: 09:00- שעה לפני כניסת השבת
מוצ""ש: שעה אחרי צאת השבת עד 23:00","בית יוסף","053-9418780","חלבי","https://www.misadotmehadrin.co.il/%D7%9E%D7%A1%D7%A2%D7%93%D7%95%D7%AA-%D7%9B%D7%A9%D7%A8%D7%95%D7%AA-%D7%9C%D7%9E%D7%94%D7%93%D7%A8%D7%99%D7%9F/%D7%A7%D7%99%D7%98%D7%A9%D7%9F-%D7%92%D7%A8%D7%92"
"קפה גרג","ביג אילת, הסתת 20, אילת,","אילת","א'-ה' 9:00-21:30
יום ו' 8:30-14:30","בית יוסף","","חלבי","https://www.misadotmehadrin.co.il/%D7%9E%D7%A1%D7%A2%D7%93%D7%95%D7%AA-%D7%9B%D7%A9%D7%A8%D7%95%D7%AA-%D7%9C%D7%9E%D7%94%D7%93%D7%A8%D7%99%D7%9F/%D7%A7%D7%A4%D7%94-%D7%92%D7%A8%D7%92-2"
"בליקר בייקרי","הגדוד העברי 6, קניון סימול, אשדוד","אשדוד","ראשון עד חמישי: 08:00-23:00
שישי: 8:30 עד שעתיים לפני כניסת שבת
שבת: חצי שעה מצאת השבת עד אחרון הלקוחות","בית יוסף","08-9757800","חלבי","https://www.misadotmehadrin.co.il/%D7%9E%D7%A1%D7%A2%D7%93%D7%95%D7%AA-%D7%9B%D7%A9%D7%A8%D7%95%D7%AA-%D7%9C%D7%9E%D7%94%D7%93%D7%A8%D7%99%D7%9F/%D7%91%D7%9C%D7%99%D7%A7%D7%A8-%D7%91%D7%99%D7%99%D7%A7%D7%A8%D7%99-3"
"בראנצ'וס","סטאר סנטר אשדוד","אשדוד","א'-ה' - 10:00-23:00
ו' - 9:00-14:00
מוצ""ש - כשעה אחרי צאת השבת עד 23:30","בית יוסף","053-9380643","חלבי","https://www.misadotmehadrin.co.il/%D7%9E%D7%A1%D7%A2%D7%93%D7%95%D7%AA-%D7%9B%D7%A9%D7%A8%D7%95%D7%AA-%D7%9C%D7%9E%D7%94%D7%93%D7%A8%D7%99%D7%9F/%D7%91%D7%A8%D7%90%D7%A0%D7%A6-%D7%95%D7%A1-1"
"לולה","הטיילת 20, אשדוד","אשדוד","","מהדרין אשדוד","050-522-5758","חלבי","https://www.misadotmehadrin.co.il/%D7%9E%D7%A1%D7%A2%D7%93%D7%95%D7%AA-%D7%9B%D7%A9%D7%A8%D7%95%D7%AA-%D7%9C%D7%9E%D7%94%D7%93%D7%A8%D7%99%D7%9F/%D7%9C%D7%95%D7%9C%D7%94"
"בראנצ'וס","הנמל 9 מרחנה - אשקלון","אשקלון","א'-ה' - 10:00-23:00
ו' - 9:00-14:00
מוצ""ש - כשעה אחרי צאת השבת עד 23:30","בית יוסף","053-9380643","חלבי","https://www.misadotmehadrin.co.il/%D7%9E%D7%A1%D7%A2%D7%93%D7%95%D7%AA-%D7%9B%D7%A9%D7%A8%D7%95%D7%AA-%D7%9C%D7%9E%D7%94%D7%93%D7%A8%D7%99%D7%9F/%D7%91%D7%A8%D7%90%D7%A0%D7%A6-%D7%95%D7%A1-3"
"בזיליה","שאול המלך 100, בית שאן","בית שאן","ראשון - חמישי: 23:00 - 09:00
שישי: 13:30 - 09:00
מוצ""ש: שעה מיציאת שבת - 23:30","בית יוסף","052-2962560","חלבי","https://www.misadotmehadrin.co.il/%D7%9E%D7%A1%D7%A2%D7%93%D7%95%D7%AA-%D7%9B%D7%A9%D7%A8%D7%95%D7%AA-%D7%9C%D7%9E%D7%94%D7%93%D7%A8%D7%99%D7%9F/%D7%91%D7%96%D7%99%D7%9C%D7%99%D7%94"
"קפה רימון","יגאל אלון 3,קניון ביג פאשן בית שמש","בית שמש","א׳-ה׳: 8:00 - 22:30
ו׳: 8:00 - 14:00
מוצ״ש: שעה אחרי שבת - 23:30","הרב מחפוד","02-9955591","חלבי","https://www.misadotmehadrin.co.il/%D7%9E%D7%A1%D7%A2%D7%93%D7%95%D7%AA-%D7%9B%D7%A9%D7%A8%D7%95%D7%AA-%D7%9C%D7%9E%D7%94%D7%93%D7%A8%D7%99%D7%9F/%D7%A7%D7%A4%D7%94-%D7%A8%D7%99%D7%9E%D7%95%D7%9F-1"
"בון קפה","זאב ז׳בוטינסקי 9, בני ברק","בני ברק","א'-ה 08:00-23:00","קהילות","03-651-1806","חלבי","https://www.misadotmehadrin.co.il/%D7%9E%D7%A1%D7%A2%D7%93%D7%95%D7%AA-%D7%9B%D7%A9%D7%A8%D7%95%D7%AA-%D7%9C%D7%9E%D7%94%D7%93%D7%A8%D7%99%D7%9F/%D7%91%D7%95%D7%9F-%D7%A7%D7%A4%D7%94"
"ביסקוטי","הירקון 67 בני ברק","בני ברק","א'-ה' 7:30-22:00 (מטבח עד 21:30)
יום ו' וערבי חג 07:30-15:00 (מטבח עד 14:30)","בית יוסף","03-5704015","חלבי","https://www.misadotmehadrin.co.il/%D7%9E%D7%A1%D7%A2%D7%93%D7%95%D7%AA-%D7%9B%D7%A9%D7%A8%D7%95%D7%AA-%D7%9C%D7%9E%D7%94%D7%93%D7%A8%D7%99%D7%9F/%D7%91%D7%99%D7%A1%D7%A7%D7%95%D7%98%D7%99"
"פרמזן","מצדה 9, בני ברק","בני ברק","א–ה 11:00–23:00 • מוצ""ש כשעה אחרי צאת השבת עד חצות","הרב רובין","03-729-5700","חלבי","https://www.misadotmehadrin.co.il/%D7%9E%D7%A1%D7%A2%D7%93%D7%95%D7%AA-%D7%9B%D7%A9%D7%A8%D7%95%D7%AA-%D7%9C%D7%9E%D7%94%D7%93%D7%A8%D7%99%D7%9F/%D7%A4%D7%A8%D7%9E%D7%96%D7%9F"
"קפה גרג","מצדה 5, בני ברק,","בני ברק","יום ראשון - חמישי 8:00-23:00
יום שישי 8:00-13:00
מוצ""ש - כשעה אחרי צאת שבת ועד השעה 23:00","מהדרין בני ברק","054-9377766","חלבי","https://www.misadotmehadrin.co.il/%D7%9E%D7%A1%D7%A2%D7%93%D7%95%D7%AA-%D7%9B%D7%A9%D7%A8%D7%95%D7%AA-%D7%9C%D7%9E%D7%94%D7%93%D7%A8%D7%99%D7%9F/%D7%A7%D7%A4%D7%94-%D7%92%D7%A8%D7%92"
"קפה רעים","בר כוכבא 4, בני ברק","בני ברק","א'- ה  08:00-23:00","הרב מחפוד","077-997-3035","חלבי","https://www.misadotmehadrin.co.il/%D7%9E%D7%A1%D7%A2%D7%93%D7%95%D7%AA-%D7%9B%D7%A9%D7%A8%D7%95%D7%AA-%D7%9C%D7%9E%D7%94%D7%93%D7%A8%D7%99%D7%9F/%D7%A7%D7%A4%D7%94-%D7%A8%D7%A2%D7%99%D7%9D"
"לנדוור","מנחם בגין 38, גבעת שמואל","גבעת שמואל","ראשון-חמישי: 08:30-23:00,שישי: 08:00-14:00,מוצ""ש: שעה אחרי שבת- 23:30","בית יוסף","03-7163338","חלבי","https://www.misadotmehadrin.co.il/%D7%9E%D7%A1%D7%A2%D7%93%D7%95%D7%AA-%D7%9B%D7%A9%D7%A8%D7%95%D7%AA-%D7%9C%D7%9E%D7%94%D7%93%D7%A8%D7%99%D7%9F/%D7%9C%D7%A0%D7%93%D7%95%D7%95%D7%A8"
"קפה גרג","שדרות מנחם בגין 30, גבעת שמואל","גבעת שמואל","א-ה 8:00-23:00","בית יוסף","03-5504969","חלבי","https://www.misadotmehadrin.co.il/%D7%9E%D7%A1%D7%A2%D7%93%D7%95%D7%AA-%D7%9B%D7%A9%D7%A8%D7%95%D7%AA-%D7%9C%D7%9E%D7%94%D7%93%D7%A8%D7%99%D7%9F/%D7%A7%D7%A4%D7%94-%D7%92%D7%A8%D7%92-1"
"קפה קפה","יוני נתניהו 25, קניון הגבעה","גבעת שמואל","א'-ה' 08:30-23:00,יום ו': 08:00 עד שלוש שעות לפני כניסת השבת,מוצ""ש: שעה וחצי לאחר צאת השבת ועד 24:00.","הרב מחפוד","03-7172454","חלבי","https://www.misadotmehadrin.co.il/%D7%9E%D7%A1%D7%A2%D7%93%D7%95%D7%AA-%D7%9B%D7%A9%D7%A8%D7%95%D7%AA-%D7%9C%D7%9E%D7%94%D7%93%D7%A8%D7%99%D7%9F/%D7%A7%D7%A4%D7%94-%D7%A7%D7%A4%D7%94-1"
"קפה קפה","הבילויים 5 גדרה","גדרה","א'-ה' 08:00-21:00
יום ו' 08:00-13:30","מהדרין גדרה","08-869-4590","חלבי","https://www.misadotmehadrin.co.il/%D7%9E%D7%A1%D7%A2%D7%93%D7%95%D7%AA-%D7%9B%D7%A9%D7%A8%D7%95%D7%AA-%D7%9C%D7%9E%D7%94%D7%93%D7%A8%D7%99%D7%9F/%D7%A7%D7%A4%D7%94-%D7%A7%D7%A4%D7%94-3"
"נילי","המייסדים 43 זכרון יעקב","זכרון יעקב","א'-ה': 08:30-22:30
ו' (תפריט בוקר בלבד):08:30-14:00
שבת: שעה אחרי צאת השבת עד 23:00 (רק לפי שעון חורף)","מהדרין זכרון יעקב","04-6292899","חלבי","https://www.misadotmehadrin.co.il/%D7%9E%D7%A1%D7%A2%D7%93%D7%95%D7%AA-%D7%9B%D7%A9%D7%A8%D7%95%D7%AA-%D7%9C%D7%9E%D7%94%D7%93%D7%A8%D7%99%D7%9F/%D7%A0%D7%99%D7%9C%D7%99"
"הסניור","הבנים 2 טבריה","טבריה","","הרב מחפוד","048355060","חלבי","https://www.misadotmehadrin.co.il/%D7%9E%D7%A1%D7%A2%D7%93%D7%95%D7%AA-%D7%9B%D7%A9%D7%A8%D7%95%D7%AA-%D7%9C%D7%9E%D7%94%D7%93%D7%A8%D7%99%D7%9F/%D7%94%D7%A1%D7%A0%D7%99%D7%95%D7%A8"
"קפה ליון","הנחשול 22, יבנה","יבנה","א' - ה' 08:00-23:30
ו' - 08:00-14:00
שבת - כ 50 דקות לאחר צאת שבת ועד 23:30","בית יוסף","053-6113599","חלבי","https://www.misadotmehadrin.co.il/%D7%9E%D7%A1%D7%A2%D7%93%D7%95%D7%AA-%D7%9B%D7%A9%D7%A8%D7%95%D7%AA-%D7%9C%D7%9E%D7%94%D7%93%D7%A8%D7%99%D7%9F/%D7%A7%D7%A4%D7%94-%D7%9C%D7%99%D7%95%D7%9F-1"
"אייסטורי","שמגר 14 ירושלים","ירושלים","א'-ה' 09:30-22:30
מוצ""ש 20:30-24:00​","העדה החרדית","029972601","חלבי","https://www.misadotmehadrin.co.il/%D7%9E%D7%A1%D7%A2%D7%93%D7%95%D7%AA-%D7%9B%D7%A9%D7%A8%D7%95%D7%AA-%D7%9C%D7%9E%D7%94%D7%93%D7%A8%D7%99%D7%9F/%D7%90%D7%99%D7%99%D7%A1%D7%98%D7%95%D7%A8%D7%99"
"הפי פיש","שדרת אלרוב ממילא מס' 14 ירושלים","ירושלים","א'-ה' 12:00-23:00
יום שישי ושבת סגור","מהדרין ירושלים","02-5482230","חלבי","https://www.misadotmehadrin.co.il/%D7%9E%D7%A1%D7%A2%D7%93%D7%95%D7%AA-%D7%9B%D7%A9%D7%A8%D7%95%D7%AA-%D7%9C%D7%9E%D7%94%D7%93%D7%A8%D7%99%D7%9F/%D7%94%D7%A4%D7%99-%D7%A4%D7%99%D7%A9"
"לוצ'נה","ממילא 8, קניון ממילא, ירושלים","ירושלים","א’-ה’  23:00-10:00
יום ו’  09:00 – 16:00 מוצ”ש  שעה אחרי צאת השבת – 24:00","מהדרין ירושלים","02-5021000","חלבי","https://www.misadotmehadrin.co.il/%D7%9E%D7%A1%D7%A2%D7%93%D7%95%D7%AA-%D7%9B%D7%A9%D7%A8%D7%95%D7%AA-%D7%9C%D7%9E%D7%94%D7%93%D7%A8%D7%99%D7%9F/%D7%9C%D7%95%D7%A6-%D7%A0%D7%94-1"
"מוסקט","כנפי נשרים 24, ירושלים","ירושלים","א'-ה' 08:00-23:30
יום ו' 08:00-13:00","הרב רובין","02-652-4414","חלבי","https://www.misadotmehadrin.co.il/%D7%9E%D7%A1%D7%A2%D7%93%D7%95%D7%AA-%D7%9B%D7%A9%D7%A8%D7%95%D7%AA-%D7%9C%D7%9E%D7%94%D7%93%D7%A8%D7%99%D7%9F/%D7%9E%D7%95%D7%A1%D7%A7%D7%98"
"פיקולינו","רחוב יואל משה סולומון 12, ירושלים","ירושלים","","מהדרין ירושלים","077-9975989","חלבי","https://www.misadotmehadrin.co.il/%D7%9E%D7%A1%D7%A2%D7%93%D7%95%D7%AA-%D7%9B%D7%A9%D7%A8%D7%95%D7%AA-%D7%9C%D7%9E%D7%94%D7%93%D7%A8%D7%99%D7%9F/%D7%A4%D7%99%D7%A7%D7%95%D7%9C%D7%99%D7%A0%D7%95"
"קפה גן סיפור","שדרות בן צבי, גן סאקר ירושלים","ירושלים","ימים א'-ה' בשעות 08:00 - 00:00
בשישי - 08:00 - 15:00 (הזמנה אחרונה ב-14:45)
מוצ""ש - 21:30 - 00:00","בית יוסף ומהדרין ירושלים","072-3360999 שלוחה 5","חלבי","https://www.misadotmehadrin.co.il/%D7%9E%D7%A1%D7%A2%D7%93%D7%95%D7%AA-%D7%9B%D7%A9%D7%A8%D7%95%D7%AA-%D7%9C%D7%9E%D7%94%D7%93%D7%A8%D7%99%D7%9F/%D7%A7%D7%A4%D7%94-%D7%92%D7%9F-%D7%A1%D7%99%D7%A4%D7%95%D7%A8"
"קפה דניה - סניף 1","שדרות הרצל 102, ירושלים","ירושלים","א' - ה': 09:00-22:30
יום שישי: 08:00 - 13:30
מוצ""ש: סגור","מהדרין ירושלים","02-6485553","חלבי","https://www.misadotmehadrin.co.il/%D7%9E%D7%A1%D7%A2%D7%93%D7%95%D7%AA-%D7%9B%D7%A9%D7%A8%D7%95%D7%AA-%D7%9C%D7%9E%D7%94%D7%93%D7%A8%D7%99%D7%9F/%D7%A7%D7%A4%D7%94-%D7%93%D7%A0%D7%99%D7%94"
"קפה דניה - סניף 2","כנפי נשרים 35, ירושלים","ירושלים","א' - ה': 09:00-22:30
יום שישי: 08:00 - 13:30
מוצ""ש: סגור","מהדרין ירושלים","02-6475553","חלבי","https://www.misadotmehadrin.co.il/%D7%9E%D7%A1%D7%A2%D7%93%D7%95%D7%AA-%D7%9B%D7%A9%D7%A8%D7%95%D7%AA-%D7%9C%D7%9E%D7%94%D7%93%D7%A8%D7%99%D7%9F/%D7%A7%D7%A4%D7%94-%D7%93%D7%A0%D7%99%D7%94"
"קפה דניה - סניף 3","שרי ישראל 15, סיטי קורט, ירושלים","ירושלים","א' - ה': 09:00-22:30
יום שישי: 08:00 - 13:30
מוצ""ש: סגור","מהדרין ירושלים","077-9800281","חלבי","https://www.misadotmehadrin.co.il/%D7%9E%D7%A1%D7%A2%D7%93%D7%95%D7%AA-%D7%9B%D7%A9%D7%A8%D7%95%D7%AA-%D7%9C%D7%9E%D7%94%D7%93%D7%A8%D7%99%D7%9F/%D7%A7%D7%A4%D7%94-%D7%93%D7%A0%D7%99%D7%94"
"קפה רימון - בן יהודה","לונץ 4, פינת בן יהודה, ירושלים","ירושלים","א׳-ה׳: 8:00 - 22:30
ו׳: 8:00 - 14:00
מוצ״ש: שעה אחרי צאת שבת -23:30","רבנות מהדרין ירושלים","02-6243746","חלבי","https://www.misadotmehadrin.co.il/%D7%9E%D7%A1%D7%A2%D7%93%D7%95%D7%AA-%D7%9B%D7%A9%D7%A8%D7%95%D7%AA-%D7%9C%D7%9E%D7%94%D7%93%D7%A8%D7%99%D7%9F/%D7%A7%D7%A4%D7%94-%D7%A8%D7%99%D7%9E%D7%95%D7%9F"
"קפה רימון - ממילא","יצחק קריב 8, ממילא ירושלים","ירושלים","א׳-ה׳: 8:00 - 23:00
ו׳: 8:00 - 15:00
מוצ״ש - שעה אחרי צאת שבת - 23:00","רבנות מהדרין ירושלים","02-6333030","חלבי","https://www.misadotmehadrin.co.il/%D7%9E%D7%A1%D7%A2%D7%93%D7%95%D7%AA-%D7%9B%D7%A9%D7%A8%D7%95%D7%AA-%D7%9C%D7%9E%D7%94%D7%93%D7%A8%D7%99%D7%9F/%D7%A7%D7%A4%D7%94-%D7%A8%D7%99%D7%9E%D7%95%D7%9F"
"קפה שלוה","רחוב שלוה 1, ירושלים","ירושלים","א'-ה': 08:00-22:30
שישי 08:00-14:00","רבנות מהדרין ירושלים","073-282-2200","חלבי","https://www.misadotmehadrin.co.il/%D7%9E%D7%A1%D7%A2%D7%93%D7%95%D7%AA-%D7%9B%D7%A9%D7%A8%D7%95%D7%AA-%D7%9C%D7%9E%D7%94%D7%93%D7%A8%D7%99%D7%9F/%D7%A7%D7%A4%D7%94-%D7%A9%D7%9C%D7%95%D7%94"
"קפה תמרה","הגן הטכנולוגי, דרך אגודת ספורט הפועל 2 מלחה, ירושלים.","ירושלים","יום א'-ה' 08:00 - 23:00 | ימי שישי 09:00 - 13:30","מהדרין ירושלים","02-992-2392","חלבי","https://www.misadotmehadrin.co.il/%D7%9E%D7%A1%D7%A2%D7%93%D7%95%D7%AA-%D7%9B%D7%A9%D7%A8%D7%95%D7%AA-%D7%9C%D7%9E%D7%94%D7%93%D7%A8%D7%99%D7%9F/%D7%A7%D7%A4%D7%94-%D7%AA%D7%9E%D7%A8%D7%94"
"ריקוטה","קריית המדע 3, ירושלים","ירושלים","א'-ה' 10:00-23:00
יום ו' 9:00-12:00
שעה מצאת שבת-23:00","קהילות","02-587-0222","חלבי","https://www.misadotmehadrin.co.il/%D7%9E%D7%A1%D7%A2%D7%93%D7%95%D7%AA-%D7%9B%D7%A9%D7%A8%D7%95%D7%AA-%D7%9C%D7%9E%D7%94%D7%93%D7%A8%D7%99%D7%9F/%D7%A8%D7%99%D7%A7%D7%95%D7%98%D7%94"
"לוצ'נה","הראל 5, מבשרת ציון","מבשרת ציון","א-ד 10:30-23:30
ה 10:30-00:00
ו 9:30-15:00","בית יוסף","02-533-3329","חלבי","https://www.misadotmehadrin.co.il/%D7%9E%D7%A1%D7%A2%D7%93%D7%95%D7%AA-%D7%9B%D7%A9%D7%A8%D7%95%D7%AA-%D7%9C%D7%9E%D7%94%D7%93%D7%A8%D7%99%D7%9F/%D7%9C%D7%95%D7%A6-%D7%A0%D7%94-2"
"ביגה","קניון עזריאלי לב העיר 2 מודיעין","מודיעין","ימים א'-ה' 8:30-22:30
יום ו' 8:00-15:00
יום שבת חצי שעה מצאת השבת עד 23:30","בית יוסף","08-6478491","חלבי","https://www.misadotmehadrin.co.il/%D7%9E%D7%A1%D7%A2%D7%93%D7%95%D7%AA-%D7%9B%D7%A9%D7%A8%D7%95%D7%AA-%D7%9C%D7%9E%D7%94%D7%93%D7%A8%D7%99%D7%9F/%D7%91%D7%99%D7%92%D7%94-1"
"בליקר בייקרי","קניון עזריאלי, קומה 2, לב העיר 2, מודיעין","מודיעין","ראשון עד חמישי: 08:15-22:00
שישי וערבי חג: 08:15-13:00(בחורף) | 08:15-14:00 (בקיץ)
שבת: שעה מצאת שבת ועד 23:00","בית יוסף","089331055","חלבי","https://www.misadotmehadrin.co.il/%D7%9E%D7%A1%D7%A2%D7%93%D7%95%D7%AA-%D7%9B%D7%A9%D7%A8%D7%95%D7%AA-%D7%9C%D7%9E%D7%94%D7%93%D7%A8%D7%99%D7%9F/%D7%91%D7%9C%D7%99%D7%A7%D7%A8-%D7%91%D7%99%D7%99%D7%A7%D7%A8%D7%99-2"
"לוצ'נה","שדרות המלאכות 1, מודיעין מכבים רעות","מודיעין","","בית יוסף","08-690-1111","חלבי","https://www.misadotmehadrin.co.il/%D7%9E%D7%A1%D7%A2%D7%93%D7%95%D7%AA-%D7%9B%D7%A9%D7%A8%D7%95%D7%AA-%D7%9C%D7%9E%D7%94%D7%93%D7%A8%D7%99%D7%9F/%D7%9C%D7%95%D7%A6-%D7%A0%D7%94"
"מיכליס","מרכז עינב, החרט 7, מודיעין מכבים רעות","מודיעין","א'-ה' 08:30-23:15
יום ו' 08:00-13:00","חתם סופר פתח תקווה","08-669-1000","חלבי","https://www.misadotmehadrin.co.il/%D7%9E%D7%A1%D7%A2%D7%93%D7%95%D7%AA-%D7%9B%D7%A9%D7%A8%D7%95%D7%AA-%D7%9C%D7%9E%D7%94%D7%93%D7%A8%D7%99%D7%9F/%D7%9E%D7%99%D7%9B%D7%9C%D7%99%D7%A1"
"היקב","גד מכנס 6, נתניה","נתניה","","חתם סופר פתח תקווה","09-8622220","חלבי","https://www.misadotmehadrin.co.il/%D7%9E%D7%A1%D7%A2%D7%93%D7%95%D7%AA-%D7%9B%D7%A9%D7%A8%D7%95%D7%AA-%D7%9C%D7%9E%D7%94%D7%93%D7%A8%D7%99%D7%9F/%D7%94%D7%99%D7%A7%D7%91"
"רחוב ירושלמי","עין חמד","עין חמד","ימים א׳-ה׳: 08:00-15:00
ימי ו׳: 08:00-13:30","בית יוסף","055-6859778","חלבי","https://www.misadotmehadrin.co.il/%D7%9E%D7%A1%D7%A2%D7%93%D7%95%D7%AA-%D7%9B%D7%A9%D7%A8%D7%95%D7%AA-%D7%9C%D7%9E%D7%94%D7%93%D7%A8%D7%99%D7%9F/%D7%A8%D7%97%D7%95%D7%91-%D7%99%D7%A8%D7%95%D7%A9%D7%9C%D7%9E%D7%99"
"אלפרדו","דרך שלמה שמלצר 94, פתח תקווה","פתח תקווה","א'-ה' 10:00-23:00 יום ו' 09:00-14:00, מוצ""ש 20:30-23:45","חתם סופר פתח תקווה","03-923-0643","חלבי","https://www.misadotmehadrin.co.il/%D7%9E%D7%A1%D7%A2%D7%93%D7%95%D7%AA-%D7%9B%D7%A9%D7%A8%D7%95%D7%AA-%D7%9C%D7%9E%D7%94%D7%93%D7%A8%D7%99%D7%9F/%D7%90%D7%9C%D7%A4%D7%A8%D7%93%D7%95"
"בוקריה","מתחם יכין, דרך יצחק רבין 17, פתח תקווה","פתח תקווה","א'-ה' 10:00-22:00 יום ו' 08:00-14:30 מוצ""ש 21:00-23:00","חתם סופר פתח תקווה","03-744-4760","חלבי","https://www.misadotmehadrin.co.il/%D7%9E%D7%A1%D7%A2%D7%93%D7%95%D7%AA-%D7%9B%D7%A9%D7%A8%D7%95%D7%AA-%D7%9C%D7%9E%D7%94%D7%93%D7%A8%D7%99%D7%9F/%D7%91%D7%95%D7%A7%D7%A8%D7%99%D7%94"
"ביגה","רחוב זאב ז'בוטינסקי 72, פתח תקווה [בתוך: עופר הקניון הגדול פתח תקווה]","פתח תקווה","א'-ה' 09:00-22:00 יום ו' 09:00-14:00","בית יוסף","03-633-1312","חלבי","https://www.misadotmehadrin.co.il/%D7%9E%D7%A1%D7%A2%D7%93%D7%95%D7%AA-%D7%9B%D7%A9%D7%A8%D7%95%D7%AA-%D7%9C%D7%9E%D7%94%D7%93%D7%A8%D7%99%D7%9F/%D7%91%D7%99%D7%92%D7%94"
"בליקר בייקרי","יכין סנטר, דרך יצחק רבין 17, פתח תקווה","פתח תקווה","א'-ה' 07:30- 23:00 יום ו' 07:30-14:30","בית יוסף","03-923-4000","חלבי","https://www.misadotmehadrin.co.il/%D7%9E%D7%A1%D7%A2%D7%93%D7%95%D7%AA-%D7%9B%D7%A9%D7%A8%D7%95%D7%AA-%D7%9C%D7%9E%D7%94%D7%93%D7%A8%D7%99%D7%9F/%D7%91%D7%9C%D7%99%D7%A7%D7%A8-%D7%91%D7%99%D7%99%D7%A7%D7%A8%D7%99"
"לנדוור","הקניון הגדול ז'בוטינסקי 72, פתח-תקווה","פתח תקווה","א'-ה' 09:00-22:30 יום ו' 09:00-15:00
מוצ""ש- שעה לאחר צאת השבת -23:30","בית יוסף","03-9222692","חלבי","https://www.misadotmehadrin.co.il/%D7%9E%D7%A1%D7%A2%D7%93%D7%95%D7%AA-%D7%9B%D7%A9%D7%A8%D7%95%D7%AA-%D7%9C%D7%9E%D7%94%D7%93%D7%A8%D7%99%D7%9F/%D7%9C%D7%A0%D7%93%D7%95%D7%95%D7%A8-2"
"פיאדרה","תוצרת הארץ 2 פתח תקווה","פתח תקווה","א'- ד' 17:00-23:00 יום ה' 17:00-24:00 מוצ""ש כשעתיים לאחר צאת השבת – 24:30","מהדרין פתח תקווה","","חלבי","https://www.misadotmehadrin.co.il/%D7%9E%D7%A1%D7%A2%D7%93%D7%95%D7%AA-%D7%9B%D7%A9%D7%A8%D7%95%D7%AA-%D7%9C%D7%9E%D7%94%D7%93%D7%A8%D7%99%D7%9F/%D7%A4%D7%99%D7%90%D7%93%D7%A8%D7%94"
"קפה בעלמא","יכין סנטר, דרך יצחק רבין 17, פתח תקווה","פתח תקווה","א'-ד' 09:00-22:30
יום ה' 09:00-23:00
יום ו' 08:30-12:30","מהדרין פתח תקווה","03-904-0727","חלבי","https://www.misadotmehadrin.co.il/%D7%9E%D7%A1%D7%A2%D7%93%D7%95%D7%AA-%D7%9B%D7%A9%D7%A8%D7%95%D7%AA-%D7%9C%D7%9E%D7%94%D7%93%D7%A8%D7%99%D7%9F/%D7%A7%D7%A4%D7%94-%D7%91%D7%A2%D7%9C%D7%9E%D7%90"
"קפה גן סיפור","בזל 2 פארק יצחק אוחיון[פארק בלינסון]פתח תקווה","פתח תקווה","א'-ה' 16:00-24:00
מוצא""ש 19:00-24:00","רבנות מהדרין פתח תקווה","072-3360999","חלבי","https://www.misadotmehadrin.co.il/%D7%9E%D7%A1%D7%A2%D7%93%D7%95%D7%AA-%D7%9B%D7%A9%D7%A8%D7%95%D7%AA-%D7%9C%D7%9E%D7%94%D7%93%D7%A8%D7%99%D7%9F/%D7%A7%D7%A4%D7%94-%D7%92%D7%9F-%D7%A1%D7%99%D7%A4%D7%95%D7%A8-1"
"קפה הולה","העלייה השנייה 1, פתח תקווה","פתח תקווה","א'-ה' 08:00-00:00 יום ו' 08:00-15:00","הרב מחפוד","03-909-7701","חלבי","https://www.misadotmehadrin.co.il/%D7%9E%D7%A1%D7%A2%D7%93%D7%95%D7%AA-%D7%9B%D7%A9%D7%A8%D7%95%D7%AA-%D7%9C%D7%9E%D7%94%D7%93%D7%A8%D7%99%D7%9F/%D7%A7%D7%A4%D7%94-%D7%94%D7%95%D7%9C%D7%94"
"קפה קלמא","מנחם בגין 26, פתח תקווה","פתח תקווה","א'-ד' 09:00-22:00 יום ה' 09:00-22:30
יום ו' 08:00-13:00","רבנות מהדרין פתח תקווה","079-699-9929","חלבי","https://www.misadotmehadrin.co.il/%D7%9E%D7%A1%D7%A2%D7%93%D7%95%D7%AA-%D7%9B%D7%A9%D7%A8%D7%95%D7%AA-%D7%9C%D7%9E%D7%94%D7%93%D7%A8%D7%99%D7%9F/%D7%A7%D7%A4%D7%94-%D7%A7%D7%9C%D7%9E%D7%90"
"ארסטו","נמל קיסריה","קיסריה","ראשון עד חמישי: 9:00-23:00
שישי: 9:00 – 15:00
מוצ""ש: החל מחצי שעה אחרי יציאת שבת – 24:00","בית יוסף","077-2311920","חלבי","https://www.misadotmehadrin.co.il/%D7%9E%D7%A1%D7%A2%D7%93%D7%95%D7%AA-%D7%9B%D7%A9%D7%A8%D7%95%D7%AA-%D7%9C%D7%9E%D7%94%D7%93%D7%A8%D7%99%D7%9F/%D7%90%D7%A8%D7%A1%D7%98%D7%95"
"ביגה","קניון שער הצפון,דרך חיפה 30 קרית אתא","קרית אתא","ימים א'-ה' 8:30-22:00
יום ו' 8:30-15:00
יום שבת בחורף חצי שעה אחרי צאת שבת,בקיץ סגור","מהדרין קרית אתא","046884333","חלבי","https://www.misadotmehadrin.co.il/%D7%9E%D7%A1%D7%A2%D7%93%D7%95%D7%AA-%D7%9B%D7%A9%D7%A8%D7%95%D7%AA-%D7%9C%D7%9E%D7%94%D7%93%D7%A8%D7%99%D7%9F/%D7%91%D7%99%D7%92%D7%94-2"
"קפה גרג","העצמאות 57, קרית אתא,","קרית אתא","א'-ה' 08:00-24:00
יום ו' 08:00-14:00","מהדרין קרית אתא","04-8445522","חלבי","https://www.misadotmehadrin.co.il/%D7%9E%D7%A1%D7%A2%D7%93%D7%95%D7%AA-%D7%9B%D7%A9%D7%A8%D7%95%D7%AA-%D7%9C%D7%9E%D7%94%D7%93%D7%A8%D7%99%D7%9F/%D7%A7%D7%A4%D7%94-%D7%92%D7%A8%D7%92-3"
"פרש דה מרקט","דרך הדרום 3 , קרית גת","קרית גת","ימים א-ה 9:00-22:30  \ יום ו 8:30-12:00  \ מוצ""ש - שעה מצאת שבת עד 23:00","חתם סופר פתח תקווה","08-8500085","חלבי","https://www.misadotmehadrin.co.il/%D7%9E%D7%A1%D7%A2%D7%93%D7%95%D7%AA-%D7%9B%D7%A9%D7%A8%D7%95%D7%AA-%D7%9C%D7%9E%D7%94%D7%93%D7%A8%D7%99%D7%9F/%D7%A4%D7%A8%D7%A9-%D7%93%D7%94-%D7%9E%D7%A8%D7%A7%D7%98"
"בראנצ'וס","בן גוריון 8 קרית מלאכי","קרית מלאכי","א'-ה' - 10:00-23:00
מוצ""ש - כשעה אחרי צאת השבת עד 23:30","בית יוסף","053-9380643","חלבי","https://www.misadotmehadrin.co.il/%D7%9E%D7%A1%D7%A2%D7%93%D7%95%D7%AA-%D7%9B%D7%A9%D7%A8%D7%95%D7%AA-%D7%9C%D7%9E%D7%94%D7%93%D7%A8%D7%99%D7%9F/%D7%91%D7%A8%D7%90%D7%A0%D7%A6-%D7%95%D7%A1-2"
"וופל בר","העבודה 14, ראש העין","ראש העין","א'-ה' 10:00-00:00
ו' 09:00-13:30
צאת השבת/ החג כשעה לאחר צאת השבת/ החג עד 00:00","בית יוסף","03-6404544","חלבי","https://www.misadotmehadrin.co.il/%D7%9E%D7%A1%D7%A2%D7%93%D7%95%D7%AA-%D7%9B%D7%A9%D7%A8%D7%95%D7%AA-%D7%9C%D7%9E%D7%94%D7%93%D7%A8%D7%99%D7%9F/%D7%95%D7%95%D7%A4%D7%9C-%D7%91%D7%A8"
"סורנטו","ברשבסקי 8, ראשון לציון","ראשון לציון","א'-ה' 12:00-23:00 ש' - שעה אחרי צאת השבת-23:30","חתם סופר פתח תקווה","03-6543207","חלבי","https://www.misadotmehadrin.co.il/%D7%9E%D7%A1%D7%A2%D7%93%D7%95%D7%AA-%D7%9B%D7%A9%D7%A8%D7%95%D7%AA-%D7%9C%D7%9E%D7%94%D7%93%D7%A8%D7%99%D7%9F/%D7%A1%D7%95%D7%A8%D7%A0%D7%98%D7%95"
"קפה קפה","סחרוב 21 ראשון לציון[קניון הזהב]","ראשון לציון","א'-ה': 09:00-22:00
שישי:  08:30-שעתיים לפני כניסת שבת","בית יוסף","03-6055328","חלבי","https://www.misadotmehadrin.co.il/%D7%9E%D7%A1%D7%A2%D7%93%D7%95%D7%AA-%D7%9B%D7%A9%D7%A8%D7%95%D7%AA-%D7%9C%D7%9E%D7%94%D7%93%D7%A8%D7%99%D7%9F/%D7%A7%D7%A4%D7%94-%D7%A7%D7%A4%D7%94-2"
"בראנצ'וס","יעקב 48 רחובות","רחובות","א'-ה' - 10:00-23:00
ו' - 9:00-14:00
מוצ""ש - כשעה אחרי צאת השבת עד 23:30","בית יוסף","053-9380643","חלבי","https://www.misadotmehadrin.co.il/%D7%9E%D7%A1%D7%A2%D7%93%D7%95%D7%AA-%D7%9B%D7%A9%D7%A8%D7%95%D7%AA-%D7%9C%D7%9E%D7%94%D7%93%D7%A8%D7%99%D7%9F/%D7%91%D7%A8%D7%90%D7%A0%D7%A6-%D7%95%D7%A1"
"לנדוור","פקריס 2, פארק המדע, רחובות","רחובות","","בית יוסף","08-9331807","חלבי","https://www.misadotmehadrin.co.il/%D7%9E%D7%A1%D7%A2%D7%93%D7%95%D7%AA-%D7%9B%D7%A9%D7%A8%D7%95%D7%AA-%D7%9C%D7%9E%D7%94%D7%93%D7%A8%D7%99%D7%9F/%D7%9C%D7%A0%D7%93%D7%95%D7%95%D7%A8-1"
"מאמא גרג","ביל""ו 2, רחובות- קניון עופר רחובות","רחובות","","בית יוסף","08-866-1333","חלבי","https://www.misadotmehadrin.co.il/%D7%9E%D7%A1%D7%A2%D7%93%D7%95%D7%AA-%D7%9B%D7%A9%D7%A8%D7%95%D7%AA-%D7%9C%D7%9E%D7%94%D7%93%D7%A8%D7%99%D7%9F/%D7%9E%D7%90%D7%9E%D7%90-%D7%92%D7%A8%D7%92-1"
"בליקר בייקרי","ביאליק 76, קניון ביאליק, רמת גן","רמת גן","ראשון עד חמישי:  08:00-21:30
שישי: 08:00-15:00","בית יוסף","03-6577779","חלבי","https://www.misadotmehadrin.co.il/%D7%9E%D7%A1%D7%A2%D7%93%D7%95%D7%AA-%D7%9B%D7%A9%D7%A8%D7%95%D7%AA-%D7%9C%D7%9E%D7%94%D7%93%D7%A8%D7%99%D7%9F/%D7%91%D7%9C%D7%99%D7%A7%D7%A8-%D7%91%D7%99%D7%99%D7%A7%D7%A8%D7%99-1"
"מאמא גרג","אבא הלל, 301 רמת גן, קניון איילון","רמת גן","","בית יוסף","058-4943499","חלבי","https://www.misadotmehadrin.co.il/%D7%9E%D7%A1%D7%A2%D7%93%D7%95%D7%AA-%D7%9B%D7%A9%D7%A8%D7%95%D7%AA-%D7%9C%D7%9E%D7%94%D7%93%D7%A8%D7%99%D7%9F/%D7%9E%D7%90%D7%9E%D7%90-%D7%92%D7%A8%D7%92"
"קפה לוגאנו","החוגה 2 רמת גן","רמת גן","א'-ה' 08:00-20:00 יום ו' 08:00-14:00","רבנות מהדרין רמת גן","077-407-0604","חלבי","https://www.misadotmehadrin.co.il/%D7%9E%D7%A1%D7%A2%D7%93%D7%95%D7%AA-%D7%9B%D7%A9%D7%A8%D7%95%D7%AA-%D7%9C%D7%9E%D7%94%D7%93%D7%A8%D7%99%D7%9F/%D7%A7%D7%A4%D7%94-%D7%9C%D7%95%D7%92%D7%90%D7%A0%D7%95"
"מילה האוס","הרצל 27 שדרות","שדרות","א'-ה' 09:00-22:00 יום ו' 09:00-13:30","רבנות מהדרין שדרות","054-6172132","חלבי","https://www.misadotmehadrin.co.il/%D7%9E%D7%A1%D7%A2%D7%93%D7%95%D7%AA-%D7%9B%D7%A9%D7%A8%D7%95%D7%AA-%D7%9C%D7%9E%D7%94%D7%93%D7%A8%D7%99%D7%9F/%D7%9E%D7%99%D7%9C%D7%94-%D7%94%D7%90%D7%95%D7%A1"
"פיאנו פיאנו","האנגר 13, תל אביב-יפו","תל אביב","א'-ה' 12:00-24:00 יום ו' 10:00-14:00, מוצ""ש שעה אחרי צאת שבת -24:00","הרב מחפוד","03-504-4455","חלבי","https://www.misadotmehadrin.co.il/%D7%9E%D7%A1%D7%A2%D7%93%D7%95%D7%AA-%D7%9B%D7%A9%D7%A8%D7%95%D7%AA-%D7%9C%D7%9E%D7%94%D7%93%D7%A8%D7%99%D7%9F/%D7%A4%D7%99%D7%90%D7%A0%D7%95-%D7%A4%D7%99%D7%90%D7%A0%D7%95"
"קפה קפה","יורדי הסירה 1, תל אביב-יפו","תל אביב","","הרב מחפוד","03-5440054","חלבי","https://www.misadotmehadrin.co.il/%D7%9E%D7%A1%D7%A2%D7%93%D7%95%D7%AA-%D7%9B%D7%A9%D7%A8%D7%95%D7%AA-%D7%9C%D7%9E%D7%94%D7%93%D7%A8%D7%99%D7%9F/%D7%A7%D7%A4%D7%94-%D7%A7%D7%A4%D7%94"
"פאוזה","דרך הפרחים 109, אבן שמואל","אבן שמואל","יום ו' 08:00-13:00
שימו לב!!!!
העגלה פתוחה רק ביום שישי","בית יוסף","052-69999434","עגלת קפה","https://www.misadotmehadrin.co.il/%D7%9E%D7%A1%D7%A2%D7%93%D7%95%D7%AA-%D7%9B%D7%A9%D7%A8%D7%95%D7%AA-%D7%9C%D7%9E%D7%94%D7%93%D7%A8%D7%99%D7%9F/%D7%A4%D7%90%D7%95%D7%96%D7%94"
"יוענה","כפר נוער יוענה, דרך יוסף סיטון 1, באר יעקב","באר יעקב","א'-ג' 08:30-15:00 ד'-ה' 08:30-22:30 יום ו' 08:00-14:00","מהדרין באר יעקב","050-784-3843","עגלת קפה","https://www.misadotmehadrin.co.il/%D7%9E%D7%A1%D7%A2%D7%93%D7%95%D7%AA-%D7%9B%D7%A9%D7%A8%D7%95%D7%AA-%D7%9C%D7%9E%D7%94%D7%93%D7%A8%D7%99%D7%9F/%D7%99%D7%95%D7%A2%D7%A0%D7%94"
"משק לוי","התמר 118, בית גמליאל","בית גמליאל","יום ו' 08:30-13:30","הרבנות מהדרין חבל יבנה","052-847-7506","עגלת קפה","https://www.misadotmehadrin.co.il/%D7%9E%D7%A1%D7%A2%D7%93%D7%95%D7%AA-%D7%9B%D7%A9%D7%A8%D7%95%D7%AA-%D7%9C%D7%9E%D7%94%D7%93%D7%A8%D7%99%D7%9F/%D7%9E%D7%A9%D7%A7-%D7%9C%D7%95%D7%99"
"לוצ'ה","הורביץ 22, גדרה","גדרה","א'-ה' 09:00-22:00 יום ו' 09:00-14:00","רבנות מהדרין גדרה","050-224-5088","עגלת קפה","https://www.misadotmehadrin.co.il/%D7%9E%D7%A1%D7%A2%D7%93%D7%95%D7%AA-%D7%9B%D7%A9%D7%A8%D7%95%D7%AA-%D7%9C%D7%9E%D7%94%D7%93%D7%A8%D7%99%D7%9F/%D7%9C%D7%95%D7%A6-%D7%94"
"קפה הפרדס","פרי מגדים 3, מעלה אדומים","מעלה אדומים","א'-ד' 10:00-22:00 יום ה' 10:00-24:00
יום ו' 08:00-15:00
מוצ""ש - 20:00-24:00","רבנות מהדרין מעלה אדומים","050-5970083","עגלת קפה","https://www.misadotmehadrin.co.il/%D7%9E%D7%A1%D7%A2%D7%93%D7%95%D7%AA-%D7%9B%D7%A9%D7%A8%D7%95%D7%AA-%D7%9C%D7%9E%D7%94%D7%93%D7%A8%D7%99%D7%9F/%D7%A7%D7%A4%D7%94-%D7%94%D7%A4%D7%A8%D7%93%D7%A1"
"קפה לאגו","פארק יצחק אוחיון, בזל 2, פתח תקווה","פתח תקווה","א'-ה' 08:30-22:00
יום ו' 08:00-15:30","מהדרין פתח תקווה","053-367-0863","עגלת קפה","https://www.misadotmehadrin.co.il/%D7%9E%D7%A1%D7%A2%D7%93%D7%95%D7%AA-%D7%9B%D7%A9%D7%A8%D7%95%D7%AA-%D7%9C%D7%9E%D7%94%D7%93%D7%A8%D7%99%D7%9F/%D7%A7%D7%A4%D7%94-%D7%9C%D7%90%D7%92%D7%95"
